Temperatura;Presi¢n;Volumen
300.04;120;20.78786346
303.91;125;20.21345447
307.39;130;19.65892428
310.44;135;19.11846984
313.57;140;18.62186633
316.96;145;18.17356898
320.47;150;17.76241924
322.81;155;17.31522361
326.31;160;16.95611874
328.71;165;16.56300733
332.24;170;16.24868751
334.57;175;15.89485674
337.86;180;15.60532433
340.47;185;15.3009242
342.77;190;14.99878656
345.66;195;14.73750137
347.55;200;14.44754583
